{
  "clicks": 5,
  "impressions": 543,
  "ctr": 0.009208103130755065,
  "position": 15.292817679558011
}